{
    "__JSON__": true,
    "AUTHOR": "Gifted_Tech",
    "theme": "Gifted-Md",
    "LANGUAGE": "English",
    "LANGCODE": "en",  
    "STRINGS": { 
        "updater": { 
            "UPDATE": "*Believe it.\nYour bot is already up-to-date*",
            "NEW_UPDATE": "*it's time to update the bot!*\n\n*Changes:*\n",
            "UPDATED_LOCAL": "*Bot Successfully Updated!*"
        },  
        "global": {      
            "botName": "Gifted-Md",
            "body": "whatsapp User Bot", 
            "greet2" : "Thanks To Gifted Tech",
            "pic1": "https://telegra.ph/file/54efddccf41281ad7ec51.jpg", 
            "greet" : "Believe it",
            "dotbody" : "I decided being Pirate King.",
            "emojii" : "🍑", 
            "promote": "Admin Role Given to ɢɪғᴛᴇᴅ-ᴍᴅ",
            "pmallow": "*Hii,This is Gifted Tech\n You have been blocked for spamming.\n\n _Powered by ɢɪғᴛᴇᴅ ᴛᴇᴄʜ_",
            "pmwarn": "✋Hii* \nPlease don't spam else I'll block you for spamming. _You have ${checkPermit.times} warning(s)._\n\n Join Public Support Channel : \nhttps://whatsapp.com/channel/0029VaJmfmTDJ6H7CmuBss0o\n\n*Powered by ɢɪғᴛᴇᴅ-ᴍᴅ*",
            "permited": "Hii Sir*\n\nNow You are permitted by my owner to pm now.\n\n _Powered by ɢɪғᴛᴇᴅ ᴛᴇᴄʜ_", 
            "revoked" : "*Hii Sir*\n\nYour pm permit permission has been prevoked now.\n\n _Powered by ɢɪғᴛᴇᴅ ᴛᴇᴄʜ_",
            "demote": "Uhh,Admin Role Taken back",
            "antlink": "Link Detected.\n*Good Bye Rouge pirate*",
            "session": "\n*This is your session.json,keep it safe and store it properly*\n_Now Upload This json file in Your Forked Repo_\n Connect your repo to Heroku and *Deploy Branch* and Bot will run for Always\n\n*Powered by ɢɪғᴛᴇᴅ-ᴍᴅ*",
            "mention": " Please mention My Owner",
            "title": "Gifted-Md",
            "footer": "*©²⁰²⁴ ɢɪғᴛᴇᴅ ᴡʜᴀᴛsᴀᴘᴘ ʙᴏᴛs*",
            "by": "Made by: ɢɪғᴛᴇᴅ ᴛᴇᴄʜ",
            "chat_desc": "Options Avilable* : 1. mute\n2. unmute\n3. archive\n4. unarchive\n5. read\n6. unread\n7. delete",
            "success": "Done ✓",
            "dot": "Hi, Did you mean *-help?*\n just.. don't bother me while I'm eating ramen",
            "couple_male": "*I'm pretty sure I can't live without being helped!*",
            "couple_female": "*I'm pretty sure I can't live without being helped!*",
            "admin": "ᴛʜɪs ᴄᴏᴍᴍᴀɴᴅ ɪs ᴏɴʟʏ ғᴏʀ ɢʀᴏᴜᴘ ᴀᴅᴍɪɴ or ɢɪғᴛᴇᴅ-ᴍᴅ ᴏᴡɴᴇʀ⚠️!",
            "botAdmin": "ᴘʟᴇᴀsᴇ ᴘʀᴏᴠɪᴅᴇ ɢɪғᴛᴇᴅ-ᴍᴅ ᴀᴅᴍɪɴ ʀᴏʟᴇ.❗",
            "owner": "ᴛʜɪs ᴄᴏᴍᴍᴀɴᴅ ɪs ᴏɴʟʏ ғᴏʀ ɢɪғᴛᴇᴅ-ᴍᴅ ᴏᴡɴᴇʀ⚠️",
            "group": "ᴛʜɪs ғᴇᴀᴛᴜʀᴇ ɪs ᴏɴʟʏ ғᴏʀ ɢʀᴏᴜᴘ or ɢɪғᴛᴇᴅ-ᴍᴅ ᴏᴡɴᴇʀ❗",
            "private": "ᴛʜɪs ғᴇᴀᴛᴜʀᴇ ɪs ᴏɴʟʏ ғᴏʀ ɢɪғᴛᴇᴅ-ᴍᴅ ᴏᴡɴᴇʀ⚠️",
            "bot": "ᴛʜɪs ᴄᴏᴍᴍᴀɴᴅ ɪs ᴏɴʟʏ ғᴏʀ ɢɪғᴛᴇᴅ-ᴍᴅ ᴏᴡɴᴇʀ⚠️",
            "wait": "©²⁰²⁴ ɢɪғᴛᴇᴅ ᴍᴅ ɪs ᴘʀᴏᴄᴇssɪɴɢ ʏᴏᴜʀ ʀᴇᴏ̨ᴜᴇsᴛ✅"
        },
        "error": {
            "text": "*You may come to regret trying to manipulate me.\nNow go get this Error fixed*"
        }
    } 
  }
   
